0,1.9838088113857828,0.40201846597715685
1,0.24294099645708572,-0.23886972862457323
2,0.549177918607775,-0.3901216592704677
3,0.8940437798963511,0.14687834616206674
4,0.709442599906078,0.7603479968465471
5,2.014851813925425,0.5762298760288902
6,1.9130729864286098,-0.004497041346488599
7,-0.45115871979369243,0.9738295014587122
8,0.8626904805821102,0.29809539966347715
9,1.8852246764784637,0.19786900162110652
10,-0.7974408289506681,0.5266043575967635
11,-0.33910481465616604,0.8702053518701837
12,1.9943641555638763,0.2159777698316524
13,1.8586998678381441,0.29039992993510716
14,0.2502441611141223,-0.22543414586029076
15,0.09873784037525764,-0.013277248076311199
16,1.9279989368890802,0.1314424624172165
17,1.8189813070467076,-0.22203252000766777
18,1.1689561528159886,-0.6701641991226335
19,-0.5564453157868031,0.8272216286568643
20,0.7886790902023375,0.4566282203769811
21,1.7614196333761476,-0.07829377679092767
22,0.5378734468368856,0.6943568962870191
23,0.8549829270983086,0.757687017356611
24,0.6917000583289165,-0.28508397618951603
25,-0.5360550704795147,0.6995029678089176
26,1.1061564369651435,0.2006737756700788
27,1.0530746509539128,-0.40532930449330407
28,-1.1664783512500003,0.08764970445835193
29,-0.04296944034594559,0.17599308516952755
30,1.2750684125933969,-0.5024281134054871
31,1.6142485692731119,-0.3178861736822466
32,1.5126673095436027,-0.36107540837912777
33,0.43726844467877135,0.8094904073481404
34,0.6076464467678513,-0.5210851900017535
35,0.01514430594244465,1.0439712441424482
36,-0.4859832562079146,0.8614693663087025
37,0.04570786909695565,0.513111592759298
38,0.9876215450162931,-0.030157832454908357
39,1.65496110984668,-0.3368915581310614
40,0.8033677402561347,0.485405143532646
41,1.1437587257461521,0.0711850310875857
42,-0.8792569338020242,0.5816980062316516
43,0.05639255244054768,0.34111765611390626
44,-0.017451286892774268,0.24017998275360655
45,-0.46449830169428297,1.1493705051483811
46,-1.0583129385480554,0.30855461040941434
47,0.9375309723987639,0.20549413296556593
48,0.5730596216973035,-0.3585529345986768
49,0.017127686785122893,0.20486778562609914
50,0.9722831599524207,0.6644838252200099
51,0.0828085540117289,0.2759170133528102
52,-0.07010130622640173,0.9285285730710056
53,2.03004056974643,0.2264675363710017
54,1.3252082926322573,-0.40572686571527883
55,-0.7335052656695411,0.8881776451431828
56,-0.40369732485275545,0.9679454003466742
57,-0.43345231938435375,0.8663318314267601
58,1.8097657392548903,0.14613635828598073
59,-0.9602883701679189,0.7210398031939386
60,0.2800211091740169,-0.266011194262155
61,-0.005947961664256471,0.16966616612618812
62,1.9047925663498886,0.2513389933310832
63,-0.4096094683152468,0.8141027134112048
64,1.8173115306335794,0.6219593882313805
65,-0.11265254933086863,0.39766285666239787
66,-0.8629273294904765,0.4706167311052403
67,0.08807201256497244,0.5498880047215347
68,1.806096406505925,0.3536424162709316
69,1.8606581241710263,-0.055230557959157225
70,1.5593089088714078,-0.37114586987099407
71,-0.8805608579548028,0.6742733755351736
72,-0.8050533486960912,0.7056478059338998
73,0.5386916092825421,-0.44942621300482694
74,-0.4288351303168386,1.1294202216921505
75,0.784344307941198,-0.5501058650843397
76,0.2394940418041398,1.0288782215030492
77,0.7007410165503708,-0.34611884732707743
78,1.6753536530707023,-0.21521055585183438
79,1.547060832212823,-0.1887223145019201
80,1.452555724118479,-0.5837262935585769
81,-0.9981710981124052,0.18970620076842445
82,0.1543890445912284,-0.07108154328168002
83,-0.6885317803087099,0.6399309269180021
84,1.116218840527928,0.1299292253041511
85,0.7743935735628671,0.6796673471258335
86,1.552183483546291,-0.1189508585540886
87,-0.07824456583810963,1.0608688043642283
88,-0.933885932465689,0.2930710815729958
89,0.801552284989161,-0.47153765944457043
90,-0.3381545765604456,1.0180543616715294
91,1.7607278731959057,0.4155918611976373
92,1.2005004798174204,-0.5898359585488202
93,0.12928615073632266,-0.03197890629736176
94,1.9963985215115267,-0.04042118080087381
95,1.539087338349355,-0.47117499088166653
96,-0.5678263035226501,0.7781497057033988
97,0.21506272480763738,-0.2347741639231872
98,1.341786255348059,-0.37477528108427194
99,1.7219115052757272,0.04733363168392349
100,0.9447473143899401,0.2739331539089145
101,-1.12460067257418,0.36934938738437023
102,0.4208190578772534,-0.3266680294623148
103,0.05484293484690627,0.35978894470363537
104,-0.11895310123598483,1.091075235284242
105,0.9752133226788486,0.6748567093751809
106,1.3917212290270915,-0.4718629048195278
107,-0.8618655462517719,0.7765263367113633
108,1.3879404940374052,-0.24109788202519516
109,0.20126725816845933,0.11329535016890513
110,0.1803095403259644,0.9366211254887278
111,0.0976279170375655,0.2417311490264471
112,-0.8049988997691753,0.49129271907366434
113,1.0439584166743594,0.16945089513941167
114,1.7324076834559745,-0.022144204359783065
115,0.3139230355775583,0.9922749518113138
116,-0.8393924855791298,0.16589207602336564
117,0.05478929100074205,0.29457266754781947
118,0.9097355230473749,0.386527096453754
119,0.7390485282348053,-0.20579139480028524
120,0.0798120961887747,0.1161885487272694
121,-0.022468141794801576,0.877898820218179
122,-1.0475105135084246,0.12913128966133636
123,0.4706834985193992,0.7331975462463998
124,0.9295758281600841,-0.4463639988298274
125,0.0432570552016878,1.0521476523005306
126,1.8388931131878916,-0.11418954867491153
127,-0.595436125118539,0.6406001251456772
128,0.0036206098150813465,0.14038547720180797
129,0.29857219269088947,-0.12926915544429318
130,0.260001569007567,0.9223778924979225
131,1.9614558744459132,0.1231363054757408
132,0.8334359831340364,0.22071275803897483
133,0.13235092617820343,-0.07788561203075693
134,1.333495834087529,-0.4091359852409264
135,1.1811679856543431,-0.5434606114566963
136,0.0626040276450632,-0.02970801322490786
137,1.2337095172363262,-0.4248217996513371
138,0.03391721210306667,0.216781383540959
139,0.7312590208989825,-0.3324778466817288
140,-0.14269108767569083,1.0659113041420851
141,0.012995454783198149,0.3221863672494659
142,-0.2859958065771323,1.0510780369917214
143,1.4625629656012824,-0.20695177587410024
144,-0.9947641989277074,-0.008206024409721038
145,0.35697938106304045,-0.14161607725716605
146,-0.6070663697810332,0.6947004467995354
147,0.2481375990360576,0.05365787515974221
148,1.280872406755124,-0.17691471912905737
149,1.0438921393283098,0.3470699291466713
150,-0.3685048849597907,0.8845805949806544
151,-0.002488504160729499,0.2307089554273655
152,0.9552083342045788,-0.36870728549621534
153,1.6645400779121615,-0.4404383609167941
154,0.010101169716254944,0.9280593088419445
155,-0.00612722728175019,0.3469314699707362
156,0.5836598409388933,0.805867626524223
157,0.16342295305043555,-0.08611812511494875
158,0.6246684819272348,0.7225385285437701
159,-0.3164615470099982,0.8022293309239953
160,0.40970120225447926,-0.12129118940515346
161,0.8608467857489903,-0.39932175989254604
162,0.8937466327103989,0.34251432659890657
163,-0.7769262052059789,0.5231048035913703
164,0.024649417960556665,0.20912108837834142
165,0.41747666894998914,0.900433610770167
166,0.025745008771823324,0.5475516025753494
167,-0.060755905216818326,0.8031381627983004
168,-0.4237383004758838,0.883189621806133
169,1.1285714239225522,0.10663737605437007
170,1.8519836676550265,0.06019033374903672
171,1.2467406466851687,-0.3475221183048036
172,0.8095403261375831,-0.467174279247792
173,0.6025628898419826,0.9846691319668182
174,0.804545313002134,-0.5301739182446735
175,1.096373476321083,-0.4312027254052321
176,1.0513671277992187,0.08751735932349297
177,1.430716278312317,-0.5391482338629467
178,-0.6227376534038569,0.7936417838321742
179,1.0724350539641134,0.1953641927427899
180,0.16702504583794053,0.1324146601726921
181,-0.5629221363998673,0.6828516749124802
182,0.40961941156177084,0.9625519530113097
183,-1.1715087937883495,0.22011115591873542
184,-0.5451281433311888,0.6493099408196189
185,0.3060003627297757,0.9805149602138754
186,1.9532046733381463,0.29158299142841426
187,0.2531873462047283,0.03326783627149442
188,-0.9855514126650717,0.30989720922761455
189,1.404396923370316,-0.43722830979596794
190,2.1002624476118186,0.392486804418531
191,1.0620533594647612,-0.49986882733032995
192,0.09342573387655725,0.2885063524247605
193,-0.9958549079298132,0.009021645345432067
194,-0.2505098046288037,1.062801225478553
195,0.17730320696675517,-0.2896433319725206
196,-0.9823842940972336,0.051088510062155736
197,1.8983231534691145,0.1482314603825225
198,0.7713546114791149,-0.29503990492418364
199,2.0082712749882004,0.45517438897589946
200,-0.2238396980269876,0.9713812411092577
201,1.0190525028355824,0.41611547844434954
202,1.888509273282486,0.2474534637408169
203,1.9316090457189103,0.0299145196601079
204,-0.6479103854823185,0.6638689710016095
205,0.4266115016541037,0.8572362162416495
206,-1.0085173257467426,0.12416873491257382
207,-0.8867990215381849,0.5516504384193519
208,-0.9808886740690157,0.038000436568201845
209,0.677048785450221,0.6665776460275806
210,0.06011678692787101,-0.02428452913882155
211,-0.6235828927455351,0.4886817575551748
212,0.8001944259514919,0.3016127906733588
213,1.4168627536086944,-0.527111218432165
214,0.37737004358134707,-0.25776025826891513
215,-0.133199309341169,0.4004403476834957
216,1.1564131113498914,0.28936970447459265
217,-0.8600866504714662,0.2671664682713505
218,1.8929800147836513,0.1828261464633784
219,0.5448059006534544,0.7105095779405837
220,0.8523924681565483,0.29019848061982767
221,0.6419275710139744,-0.4879835773645647
222,0.8608717341821374,0.6108869577435787
223,0.277318613045711,0.8111779319576807
224,1.2164216779547121,0.3779149115891255
225,-0.052482140908038405,0.0767605018614922
226,1.2936020056915867,-0.4773429193129618
227,1.345977581475112,-0.416096591899505
228,-1.1135185102453464,0.35732652098660683
229,1.0592335418071077,0.05749751578726635
230,0.07329560508145709,0.5077377423355345
231,0.18179785613556187,0.9688495009729624
232,0.41117087566423227,-0.34944531513182164
233,0.45307055241624816,-0.3090232471763856
234,0.4799538693614033,0.9627204797475823
235,0.18135930978857523,0.0877561945443824
236,0.651202696005507,0.8437596579874416
237,-0.043503934002224326,0.4356822539765208
238,-0.8694877057369422,0.2506327200269229
239,0.7770890750887847,-0.58364329466225
240,1.9454820331690004,0.1756189677504917
241,0.8628927581827336,0.7072311899469821
242,-0.6300396911859126,0.8467901805171733
243,1.0819575070612273,-0.5707363866575612
244,0.9417447832032042,0.4121475201489009
245,0.8776845041841814,-0.6610990090181346
246,1.4408933803437352,-0.33659137280495927
247,-0.08001416855147618,1.0370290273775309
248,0.5663933976934252,-0.4287401273536092
249,0.25517371658857757,-0.3499790268427205
250,-0.6045991848433426,0.5259565999123161
251,0.44241729013338543,0.6817399664826053
252,1.3454187966941897,-0.3019147295914916
253,0.3693116378657057,0.7946627658727974
254,-0.0559110253362409,0.9007800229491464
255,1.0138219605960292,0.1170510256700374
256,0.6545584970900714,0.6276166434106756
257,0.2039663387637558,1.111589741207072
258,-0.9849749378601502,0.70532347837719
259,1.2052881713325152,-0.4353996960736668
260,-0.772188002665955,0.4685062691027699
261,0.2175837844862476,0.43056424322699643
262,0.08018719939088761,0.9711901718255268
263,-0.4752994715584796,0.8296805831146448
264,1.900388836111313,-0.3256672103349161
265,-0.3480333007013769,1.021701213807237
266,0.9010597193096341,0.25335806167207897
267,-0.1184175646418619,0.9352177660452676
268,-0.951506816691102,0.202927963360236
269,-0.4806558249209407,0.931258341257894
270,-0.17659908176989242,0.9585021149903328
271,0.7163805721984221,-0.36095118825962696
272,-0.5581502928440384,0.8755236712615388
273,1.7647783538374755,-0.2776181696857337
274,0.9599760466758848,0.5725372548370486
275,0.26848641307589177,0.9657298043841885
276,0.09566998671574178,0.11211864920896736
277,-0.9625381755421959,-0.013519223612627654
278,1.9475701096416982,0.0313222552766427
279,0.668124779179511,-0.35905644755710153
280,1.851390658319713,0.5562287956684897
281,1.4938365210524063,-0.4049259213027859
282,-0.9154952162025399,0.16677091788303378
283,-0.027647787770334838,1.0572669542788902
284,1.9557795322808336,0.20877589861477544
285,1.6754598915092351,-0.3302807300008497
286,0.6416996091657873,0.688095618118856
287,-0.7900740141309676,0.6693002905431982
288,0.37313298058011324,0.8085203579705763
289,0.4199663928256418,0.9886575956008999
290,0.4978907423773547,0.8528550247796627
291,-0.8666418618622098,0.7228418667221399
292,1.287473024409891,-0.40316750016766173
293,0.17124990125676548,0.12264261887523331
294,-1.0620505561782385,0.13804073186682084
295,1.8672394458096782,-0.3458516498314796
296,-1.08129287063321,0.0797275164464813
297,-0.7654187802467098,-0.024154675009624038
298,1.8327195350921246,-0.2278208378580917
299,1.178605270022636,-0.2781630853180125
300,1.1273510462687188,-0.4283769259559181
301,0.8776523890439119,0.6823046695247694
302,2.046972476905808,0.4347652073079013
303,-0.6695121732414459,0.7013870247384203
304,0.32316793516452175,-0.15206055644563432
305,-0.05266706019149663,0.38461417171750417
306,0.037572238516505166,1.0994356996562453
307,0.2091330368950129,-0.10171962436188708
308,-0.9375968724799335,0.39250102207501614
309,0.403294344383549,0.9559870817488991
310,0.4722114322726134,0.6837352074016525
311,-0.3245095297014003,0.939531985260081
312,0.8232027115555742,0.5394488670699042
313,1.4074922370418932,-0.391070241976308
314,-0.42535893032985206,1.0647574633874486
315,0.0014434766276511246,0.06666757717741473
316,-1.0100887489914496,0.11302695258672196
317,1.8616872906577573,0.06342039048747988
318,0.7871291032338635,0.6193374935437062
319,-0.007903763232999489,0.9497249154357584
320,-0.34582139339082907,0.9710779519602726
321,0.7053020910296641,0.9314176413576434
322,0.04903804361108745,-0.005804028376449305
323,0.5489795872813445,0.7094206883503908
324,-0.7707825357345799,0.4174194831413519
325,-0.052221805842186775,0.5708164729841888
326,2.0335020238022956,0.016850221788517375
327,0.37340537068549995,-0.5094092043196972
328,-0.020496708682502363,0.006511623272227374
329,0.13140972718294533,-0.242805580857201
330,1.7226745366883702,-0.20577405575384516
331,0.6656992318085092,-0.4967832713561632
332,0.5743947575075716,-0.40290445678564174
333,0.8345452181121326,-0.47446514324090255
334,-0.36583071473385975,0.8481590654828015
335,0.4842817785637047,-0.29216950509392187
336,1.2712745329151132,-0.4433964591979232
337,1.47155924009769,-0.4259206712031065
338,0.8523422739833095,0.37189143815602727
339,0.4876843612172725,0.7341877752336812
340,0.035402115408795815,-0.16691203248939052
341,1.9078432512711294,0.31970960646100327
342,0.1931306483348545,-0.2311906727798957
343,1.9024122098693796,-0.10472004012416314
344,0.7342858428898591,-0.5055681377907657
345,-0.16305656347047814,0.8875333218960013
346,1.1182808917694844,0.18930297493690101
347,0.7129003930362088,0.6358611637276856
348,2.028644480811645,0.09536679919244123
349,-1.1063468285977667,0.22773250592371624
350,-1.128323653493762,0.12172651941763171
351,0.9956314652659858,0.31702734517588865
352,0.691703507460277,-0.44594500477090654
353,0.0734996793531558,-0.017509150815900404
354,1.1100566165472443,0.08807270790533195
355,0.06119139762037039,1.0047898381379508
356,1.0199884986015666,0.280044393760928
357,0.6859749972260473,-0.307896739560657
358,0.5473911235805314,-0.3002256184337598
359,0.2730492806892697,-0.2653365422767713
360,1.3003977006676912,-0.3969389751872043
361,0.4302274058407547,0.9542263667237304
362,0.32672075505120557,0.8778274261277386
363,-1.0952716593883973,0.11174146460467406
364,1.1176619589614196,0.04904113665341761
365,0.05631452782082566,-0.19629141808387712
366,-0.6710128467173714,0.5709658200462273
367,0.2369237704373045,0.8608125660090484
368,0.5140386779832902,1.032705391036802
369,1.0269726250897033,0.3115386851436798
370,0.36309943860828453,0.933167357319338
371,0.047094319994393105,1.0022164571523184
372,-0.9576179061616361,0.5384935477985631
373,0.6536877755251059,0.6448951297816761
374,-0.5165631446277976,0.713960776713271
375,-0.32169121577485826,1.0134945794999437
376,-0.6242586832308872,0.854869878255043
377,-0.005618307925031216,0.6833991650409981
378,0.33822404264239053,-0.15230024910198192
379,0.7421525438523386,-0.3735459575771416
380,2.052910402781459,0.630587068507761
381,-0.44653513072609025,0.6138620161390163
382,-0.8159780618315191,0.6318797183235736
383,0.1914655212478497,0.04564405340796468
384,0.7487483906408271,0.6317414311373355
385,-0.9840137529598537,0.26061758034095195
386,0.9198485998620117,-0.5623046066854446
387,0.9317588778380448,0.8115015884884159
388,-0.08684340165246836,0.2441889095384105
389,1.6834487249791115,-0.38409065395861186
390,0.7909506626977917,0.33191187263483535
391,1.810211051693837,-0.1897323269993193
392,-0.8677838329545544,0.05421491850078311
393,0.34306169112879037,1.2073696284967832
394,0.08249902688589233,1.137594337244739
395,0.333290037780135,1.1818901325283753
396,-0.6036533539997068,0.7422760677319706
397,0.34776748552034575,-0.23337217160238383
398,-0.9456864446909758,0.054473803521082
399,-0.03035671667205845,0.5316399172985513
400,2.100169960379365,0.14582194022886108
401,1.5440164787699286,-0.27394377228664146
402,-0.10562916605630529,0.5611250746390504
403,-0.8434222854311417,0.48479404978714996
404,0.8807336405221889,0.4122122512269656
405,-1.12885772989133,-0.06200343247545248
406,1.7002925559345616,-0.3005562936557928
407,1.7800226358370315,0.1458152026605457
408,1.1402401516153717,-0.4128279195657504
409,0.7310440320945741,0.5700551282076645
410,-0.8101718663291062,0.4183158413426984
411,-0.10518251003192011,0.3624352321575393
412,1.4001554580996403,-0.24959060289461354
413,-0.024657667832324866,0.3221412770664519
414,0.11777250363244572,1.0378739630299467
415,1.250610839333565,-0.5317845925507102
416,-1.0601091596527148,-0.05196046053879736
417,0.6901018853065136,0.7313718451210626
418,-0.9059631780392264,0.3340457653608854
419,1.6264201127759497,-0.3462378413181369
420,0.003961127955040583,1.050592599601731
421,0.16180876467229133,-0.19732768000595657
422,1.976086731616586,0.27742981669182815
423,0.24381531971486195,-0.39778410465938074
424,1.0352751929998694,-0.49284003204154675
425,-0.6891446429215751,0.4886593793488561
426,0.09509387880403872,0.16867740073015325
427,1.9371893814097452,0.50554412688987
428,1.051337642906356,-0.5540626818874524
429,-1.012299829943718,0.2755982045901235
430,0.4696912715718291,1.113274707932669
431,0.09420166026793464,1.0030170948215114
432,0.1370946450795134,0.34019154205815044
433,-0.3416402368777396,0.9273659916463874
434,0.5849370309683494,0.858303732189404
435,1.5919138313703616,-0.31780571977667993
436,-0.535082650637992,0.9806438178820812
437,-1.0445562680147118,-0.010385092061797774
438,0.5317033363436047,0.9138760855385015
439,0.9805330005596974,0.40580346217757546
440,0.16454858117387347,-0.32508120476666236
441,0.8385339155190236,-0.5082460840951989
442,0.44361214722331443,-0.34422491978836606
443,1.940562166575754,0.36364807208129196
444,0.9839428957456668,-0.41327941458087475
445,1.4763790553544298,-0.19706123385899887
446,1.4337481353019117,-0.17402280265452752
447,0.811458665946117,-0.3481387415091255
448,0.0521863303643995,0.42711117927620595
449,0.6512096770848559,-0.4604719473705548
450,0.17840365120336157,-0.13278594221361187
451,-0.7689209597322852,0.9084432716645282
452,1.7347621307705972,-0.2023643903076986
453,0.581233522539791,-0.5385083400124224
454,0.47592322895936306,-0.45402530149587167
455,0.6218160748936488,-0.5506148183604175
456,0.5801012419460772,0.9530884929333916
457,1.6029859470771768,-0.3212926797291073
458,-0.5018811936635283,0.7384322915353406
459,0.6022901471174377,-0.600236317929297
460,0.1428710543765946,0.2654086468444217
461,0.43535235512146264,-0.1909308787036456
462,0.8794948396428957,0.26396083264014525
463,1.6737723367709747,-0.19271337176247086
464,0.1914148548460696,-0.12430830814662505
465,-0.6930263987652464,0.5947418558799971
466,1.0907424451710082,-0.5041267508207685
467,-0.010056850795859232,1.0042299113911926
468,0.4641649138471716,0.8400513436882867
469,0.6826276647890974,0.8678417331146457
470,0.29334964480502407,0.9772216933793743
471,-0.6216077726254516,0.6755273922670568
472,0.09792961676568412,0.9524814411399789
473,0.2185765074612776,-0.17433352345946884
474,0.22311451372358565,-0.41222690746185087
475,0.1763890580462414,1.107268956056409
476,0.009974916745262082,0.0637650737160755
477,1.442235407108614,-0.3635110078501872
478,-0.040604632085086446,0.2790938563309824
479,0.4445504290267045,-0.48808980862331486
480,0.1558896378273586,0.14750383315869925
481,1.1721462831063065,-0.6353315056727771
482,1.982840377358316,0.27771328420799984
483,0.4317773486191152,-0.29746244097499774
484,2.0371599708470196,0.19628430828430496
485,0.572941185478782,-0.4014388172534441
486,0.8435016225176447,0.6838072986557405
487,1.0893907800733442,0.034503076923153804
488,1.0110920049962702,0.2753127977770151
489,0.9499479797302633,0.2917624352369082
490,0.781246042255521,-0.5291041940457761
491,0.6345031587810346,-0.18225650912737174
492,-1.029954688670406,0.3128980536961714
493,1.1459237097995787,0.1808776568767989
494,1.9069303909251782,0.10529662769804388
495,0.5085583743127625,0.9001698235735764
496,-0.10174022013645752,0.571638933014285
497,-0.45407565867653177,0.9531535257470449
498,-0.1580007836918866,0.8234410694954432
499,-0.05963888031009748,0.4236748958047806
500,0.5754529170500748,-0.4508301107922147
501,1.8139091517760209,-0.14341983685085072
502,0.965681142328947,-0.508412075167567
503,-0.6530492967216214,0.629206777215023
504,-0.3982538137965041,0.8370523699509314
505,1.0105862458601111,-0.004176595809761263
506,0.8732878301853345,-0.6349676306588519
507,1.597385427349747,-0.08657465123685493
508,0.7844067591758799,0.8689204987799704
509,-0.6116901218790347,0.8916977339596779
510,1.4957931819672992,-0.3005166621606954
511,0.4707045436711864,-0.37946462244637436
512,1.0693226058031313,-0.4280487495077181
513,-0.04262018653794178,1.0212042116848485
514,0.043349219125398575,0.11064226527912635
515,1.7400095216015843,0.18094800459391672
516,0.035540201388037804,1.061995418915706
517,0.0969015161068103,0.2874733950919443
518,-0.8964856222365909,0.26731121049016027
519,0.6874721519937415,0.7803953849853358
520,1.9607680709612352,0.010892470452132097
521,1.183499038330009,0.0891994143499252
522,-1.0060638637327912,0.2958371710144824
523,1.1035248910124829,-0.5480965761824304
524,1.7945431645956276,-0.32548812033203783
525,0.4175765989079854,1.0744042581513975
526,1.4013864958084477,-0.3196457249261396
527,1.1811906848104519,-0.5485495281246128
528,0.988134901422372,-0.48126495382326245
529,2.104245819776331,0.18722850008940042
530,-0.7305611513506025,0.5132464486775704
531,1.2165891074848716,-0.44416363156414795
532,-1.0490016056389262,0.21446856457796923
533,-0.6832032452059691,0.6124142979416716
534,-0.8146452637360276,0.32886452709027925
535,-0.5269235532020785,0.8591360977926001
536,1.627235766075666,0.05200530624787442
537,1.676753960180594,0.12025721030234757
538,-0.1397870303091628,0.9427922515632794
539,1.0278842611727692,0.44117245117020554
540,2.0535702624331797,0.5213070245574787
541,0.09329876072541515,1.0470898997644769
542,-1.180811802641362,0.22519258907849124
543,0.8077730757583105,0.3347927538810994
544,-0.8985914647450114,0.37350999957741593
545,0.19302838721778398,0.13020485200592607
546,0.52023349306966,-0.22889577448572906
547,-0.08169750281212891,0.9850089113773302
548,-0.015367141095054618,0.1849902261998146
549,1.7795286444585487,0.026128729491520702
550,0.8137129261804978,-0.6048734188801699
551,0.5860788386052782,0.7031117544504644
552,0.39218956358995305,0.911277887413686
553,0.36554226204589074,0.9030854866178982
554,0.09946001767046642,0.19307743809740488
555,0.509050090334645,0.9827283650119637
556,1.841658922091746,-0.14144678255159374
557,-0.20737921900239437,0.9027287512777212
558,1.0490158685754036,0.2532564485185357
559,0.9895254291504065,0.029506814234985863
560,0.9021352064911247,-0.565810404914447
561,1.9497364887747366,-0.0642107877528606
562,1.9762164687327741,0.3050594295396898
563,0.37316768150058177,-0.3182643145635989
564,1.490736339085484,-0.3178255756812986
565,-0.1578899634717496,1.116317358324473
566,-0.999525075842904,0.19021316278525252
567,1.6796270518386414,-0.19235611317644546
568,1.7012182216640614,-0.31818720971188624
569,0.9608997015214849,-0.5094982448897627
570,1.7650761221847164,0.10220173654363651
571,0.7822735426274428,0.8713523015477854
572,1.3611468681497298,-0.1678378119481474
573,0.11749087671091879,-0.014352419870494043
574,0.14257877685887232,0.9498744235160724
575,1.8832167258606338,0.4813397385780161
576,1.6773021899304763,-0.2999268094863127
577,-1.0697748296443246,0.47432018729320585
578,1.2495513395413664,-0.5028575471238318
579,0.4734764935311761,-0.41486123742879677
580,0.14757995410756927,1.0295583979288234
581,2.020182098538853,0.08921497832254716
582,1.5322147110434665,-0.31749293443900717
583,0.7915159173723454,-0.4150115781874509
584,-0.21298049139366942,0.9570859272929431
585,0.5958305230273401,0.7819230490245394
586,0.6569267954368763,0.7573143993977441
587,0.22860744279163947,1.093609630512363
588,0.4839796015630929,0.8968708899192865
589,-0.8140198255399462,0.39249734172478357
590,0.8153447011764402,-0.4251727818577065
591,-0.9706569738448446,0.462911551054587
592,0.8909339533333218,0.7411456301572765
593,0.6259840534824479,-0.4583172052516755
594,0.8679740222155958,-0.27623780589425684
595,-0.9583018322476985,0.3660180690958799
596,0.08594539419430203,0.07994761360176889
597,-0.32273010138959884,0.8979275396198207
598,1.7734374400901711,-0.11476489062069577
599,0.11233293235870363,1.0071165711665089
600,1.0624977699334957,0.08420345286752554
601,2.115919344539379,0.2050723815704657
602,-0.02137304629281335,0.9318927612870621
603,1.9250585071630322,0.08408689892288287
604,1.1406136940290217,-0.3856658274841688
605,0.9125715129714651,0.46487264439637566
606,-0.4809471615728927,0.8523662008095644
607,1.2032380515437597,-0.5249498701339372
608,0.602523698878114,0.7313697445844713
609,-0.022689655488284055,0.8560073435703487
610,0.5829559666150257,-0.32258411197748066
611,0.3120385602520241,0.9520438143256342
612,-0.15291483762103597,0.21607938485774694
613,0.9621169270249612,-0.45422972191327005
614,0.7461374534672068,0.598560223425869
615,1.5632838292350635,-0.47902371442357183
616,-0.5372213360126764,0.9414699093034701
617,1.085999922711875,-0.39353957018377567
618,1.3808045325676526,-0.35612065533947623
619,0.36854984194730583,0.9442805612439509
620,0.7701388111493246,0.6236427186970193
621,1.8075700779464179,0.0739535055924724
622,1.9199128608531058,0.11376411010727822
623,0.770072246568761,0.7028799149576508
624,0.7222004374880245,-0.37929888280758495
625,1.9525531708139792,0.47477360236219796
626,-0.0020382515459707474,0.3264254718886849
627,-0.1981393378461697,0.8843181520092103
628,0.6683954618501136,0.7784206259764508
629,-0.30028610528016164,0.9352428461469108
630,0.8484647253534656,0.45793313437820465
631,0.7190169638569495,0.8804530761478473
632,-0.5367771626725372,0.8773021377095434
633,0.47340482597771605,0.8380506880364901
634,0.3369503568040735,-0.12238102197718319
635,0.8265847781137565,0.1600127679292885
636,0.05762336464450215,0.43451100332750703
637,1.361054234173658,-0.40314328177665304
638,-0.7801888324990592,0.5889725477568037
639,0.3558377931030834,1.137256219618401
640,0.6562802644238288,-0.5952776652576073
641,1.2277013060145883,-0.429441649542999
642,-0.9670122864455568,0.38363300241232634
643,0.9319481086814937,0.34696059624198783
644,0.6491524592957272,0.7576718021190855
645,0.8346881488774381,0.12904159687249123
646,0.8013823484701754,0.5063572783906038
647,2.0471188921449883,0.07755145777004789
648,1.0390255672388433,0.08463860616326344
649,1.8478546567845573,0.025269317608752936
650,0.9797653594164569,-0.43970743380037913
651,0.15067986331728042,0.9456282449190877
652,0.23541635070403327,0.7855866956920147
653,0.6612583798553616,-0.44961449552017413
654,1.8272788265653357,-0.05786052000739037
655,1.6384820474782578,-0.1758702599869493
656,2.030583006525143,0.12403933513173078
657,0.14335989976396266,1.096792847040325
658,0.6265483459588432,-0.530216545988365
659,0.2794179128893938,0.9315249379038634
660,1.5232292954220845,-0.37548375258000527
661,-0.755372084693771,0.3806457625735404
662,0.8582432742033144,-0.6300792613319237
663,2.1348343781566914,0.6836171653602219
664,1.7751443963345952,-0.1275470797529791
665,0.810099955948849,-0.5440782530233585
666,0.7223304395958833,0.48193266327529805
667,1.8722805820888169,0.4632685321134989
668,0.8989071241682439,0.4441635114946626
669,0.3291980010105102,0.0005130932022802126
670,-0.050183822878619375,0.33557230257328413
671,1.0592572697689984,-0.4334354718935949
672,1.9352223239948272,0.04336150044302034
673,1.8037393028341868,-0.1422717299145385
674,-0.06590840826906108,0.9229719747648697
675,0.08015656141453537,-0.0673665883576337
676,0.8842963142505035,0.26754345714141614
677,1.5021093909717582,-0.395479388828052
678,0.8150532075563048,-0.3310905700341955
679,-0.12505008898663988,1.0552746981058374
680,1.1438085400597429,0.20515024995581485
681,-0.9681631574363472,0.28333841473952837
682,1.69182157684972,-0.08940135729971538
683,1.1501691635659483,-0.5670534741237492
684,1.095625611787563,-0.49350928213774037
685,0.05887181107855714,1.1304320616072308
686,-0.40365747035282334,0.9109106610560714
687,0.7822809240340244,0.5226119529113673
688,-0.045577667002534,0.2608772083338655
689,0.9848285282164362,-0.4795816525112434
690,-0.42044898070430126,0.9560363940664668
691,0.14110152850883403,0.07695655622828747
692,1.600181519870578,-0.18594059664342988
693,1.4845651146853969,-0.39769309656816376
694,0.70906471257283,0.8818548690660422
695,0.7432093799486222,0.69862868880629
696,0.9719751882348197,-0.048400974484854496
697,1.1155051355383123,0.29005784553277053
698,1.2337455700438231,-0.37901431613432485
699,-0.8126887345887239,0.7945934322846802
700,-0.9389576779945447,0.30308636906136377
701,0.589351857018978,-0.4035346365307661
702,0.9338900524897166,0.442989632647898
703,1.6818480437333385,-0.08286241483435888
704,1.7675906792907845,-0.08401533147355954
705,-0.21460206781609587,1.006425192702846
706,0.7054626165703207,0.7232094106971036
707,0.7619252494687692,-0.3397399253749275
708,1.9098199342523587,-0.0810391049912853
709,-0.22258044487241763,1.113067558425474
710,0.7794052229134356,0.5173039683852161
711,0.3925821421874502,1.0760385166305888
712,0.398846951648556,-0.011674962327909988
713,2.140390741778165,0.3121851615907282
714,1.797822860778626,-0.10577487612950581
715,1.4847771408282162,-0.21294281619829922
716,-1.1252028311051712,0.12599170540312893
717,0.9223448977267987,0.13370702976361398
718,2.0762290293644656,0.5287389523006996
719,1.2007174332269868,-0.3766531686496402
720,1.228738536859471,-0.5139204340845662
721,0.9878136616769045,0.11902956678226745
722,-0.22285115755660412,0.881422109395634
723,1.0031473240785862,-0.562767183452617
724,0.8827369685165969,0.22753133353850333
725,1.0704165419289564,-0.5008863520255301
726,0.03232136318615256,0.46514659594718777
727,-0.9423967344955051,0.23845750722567233
728,-1.0681844093523278,0.3030905042013588
729,-0.5474994714631256,0.7133458645640349
730,0.8174188334794396,0.029186719970699868
731,-0.883682684335901,0.6717644022826788
732,1.5158825159670646,-0.15624998077533436
733,0.8592183234210984,0.38772867816996104
734,0.9377413468424656,0.3350412485451948
735,1.4694178113330196,-0.6251637582974915
736,1.7186060645582049,-0.3507695065450512
737,1.2944334723404025,-0.5006132465013601
738,1.0579634666501503,0.1657009160769393
739,0.5945541000879726,0.6341746418867225
740,-0.8611410955496267,0.2948420786721081
741,-0.15785683182131918,0.8477029313603055
742,1.8473449222271878,0.5251755558882545
743,-0.7948506762093644,0.5087678161243757
744,0.707896822881499,0.5392970331842893
745,0.17922889341476447,0.37690599469775554
746,0.7258002296448566,0.7977496282380963
747,-0.10165851421929073,0.7991132011746024
748,0.6595306938170891,-0.4020178545619033
749,1.6974898744306044,-0.11818021029480541
750,0.8923364201608648,-0.5852360413661962
751,-0.9466420267614573,0.2543068642866555
752,-0.1577592187913195,1.019452798642582
753,0.08844371521907007,1.0667272740801923
754,-0.680001060408014,0.8291782431908227
755,0.7026854701213816,0.7458390160480434
756,2.26511948046993,0.2840828710773088
757,0.2835022830554288,-0.17041346932987667
758,0.1521610043687714,0.4601075292816486
759,0.20393495417783747,-0.08202087306227715
760,-0.47698112805483817,0.6774811308405083
761,0.2766547526098052,-0.1601714073287301
762,0.7498375035590389,-0.5129068179861489
763,0.8297610427406772,0.6340775853753235
764,0.15251139192274982,0.002475413404875476
765,0.885946676065841,0.5830600029366139
766,-0.10532025968867864,0.4081847184050769
767,0.0007219115657610409,-0.07202052567986302
768,-0.7110942284750635,0.9050847658172766
769,0.33606509915810867,-0.32872648287402023
770,0.07170941771416747,0.5561882949821272
771,0.5021588616847645,0.8813291450546686
772,-0.81595100976804,0.28969939723792276
773,2.056952315202323,0.16708208317968276
774,0.8530848341768577,0.36325884467889213
775,2.0459826654491224,0.49212223013456774
776,1.075768167648623,-0.626695066238948
777,1.6737748500759755,-0.22831003352044174
778,0.4630174713477279,-0.45373245061049744
779,1.1568089148521368,-0.5659719728308561
780,0.2434770462321713,0.8232554706175941
781,1.807694474285634,0.2873997611291785
782,1.9801064248536981,0.35237110935051663
783,0.008687766130898562,0.3905797120825824
784,-0.753260783161934,0.589155303668293
785,1.9558530613108136,0.2966724480936662
786,0.9912645703655302,0.13544831356020576
787,0.9253856809637748,0.30290982007850753
788,0.5582048167295498,-0.31586117131133157
789,1.7480380603963601,-0.003732950740600899
790,-0.9930840179180577,0.10289903556188919
791,0.23038527146051588,0.2792387320932145
792,0.45644003483906437,-0.3449030681732
793,1.5763887190549621,-0.21544280757598733
794,0.5128810370025703,0.910334322314092
795,-0.880503409624355,0.6250935309567992
796,-0.6879527055489802,0.8300193062439745
797,-0.7087872613790769,0.6892766810130772
798,1.7025897756883732,-0.16634337499439145
799,1.769628453090539,-0.07181189486245843
800,0.22517027820415664,1.114457632141677
801,-0.4046598814436807,0.878327973379784
802,2.075145235073074,0.23934086222257955
803,-0.9184031335121374,0.21385920755774557
804,0.21529875399048218,-0.16853065524158467
805,-0.26314242992124837,0.8172299499729058
806,-0.9766353496696752,0.41077431404148823
807,0.8710685742547364,0.554504131751543
808,-0.546806302441378,0.7723827820689187
809,0.8151581061211078,-0.6110068088385897
810,-0.7230418203780026,0.8433669761756863
811,-0.5435536277841035,0.834842521528875
812,0.7203930536613022,-0.49829828044759894
813,0.6475940813481001,0.8109161121482069
814,-0.7790701512771592,0.40826585971392726
815,1.0441130192410917,-0.015914403014364573
816,0.7660568656610891,0.601845749445381
817,-0.6052223182128451,0.9050343289514008
818,0.752502193024962,0.5592815121479174
819,1.3984162234305413,-0.4009671632960468
820,1.1531147990731971,-0.4470182981615141
821,-0.6881107527290075,0.8560619913390823
822,-0.27733961413178815,0.8618599308768969
823,-0.034817321155203,0.9224956098164274
824,0.14566716539418653,0.5744416186648711
825,0.3306363860356973,-0.2712617823530185
826,0.8179597592517932,-0.44117802951419527
827,-0.6472243010838475,0.711945049019525
828,0.11441408369177697,0.9423606365239696
829,1.5738518303541953,-0.30734456074517374
830,-0.9925998769044356,-0.19096081894226083
831,0.6979008885080822,0.5570949737157367
832,-0.583989939496902,0.629428666280047
833,1.578928842547325,-0.4593116021238686
834,0.8113523381172577,0.4881656600692627
835,-0.9777228634874382,0.01936902672135773
836,-0.5055369577903983,1.0663887390527225
837,0.365887738062435,0.8854292236841658
838,0.2798670019401261,-0.3477485903150374
839,1.2854229139247462,-0.32965334374320326
840,-0.36971225629410664,1.0845468801262355
841,-0.7989401741119079,0.4052661331050145
842,-0.6700436045558765,0.5739145844796399
843,1.7277574591615632,-0.041838966376520736
844,0.892821490360301,0.48014422470003365
845,-0.7630249576085028,0.718667668729323
846,0.7997784110175477,-0.4504162532815842
847,-0.6665517853446895,0.8780730370336713
848,0.839611184160126,0.3373349345459813
849,1.0509268032925374,0.18846562326863478
850,0.9351384890349357,0.5378417440670535
851,0.6980415517717582,0.6217689306723204
852,-1.0441818746812537,0.1345250653323567
853,0.10175565419479937,0.38733406309338747
854,-0.7808575087598325,0.5216082884360012
855,1.5403971349533834,-0.5160265874302449
856,-0.590012022070841,0.7605892480329488
857,0.4805322595996605,-0.5002251268143656
858,0.5431534936481036,-0.290086688324879
859,0.7546883559541844,-0.5075589348915754
860,0.8942971855649229,0.44588212297956253
861,0.2830203436245794,-0.168587129534189
862,0.3851069190685669,0.7635485213168018
863,2.1348993440706217,0.2885086296746703
864,0.09047861021588466,0.02598690258111508
865,0.797430558829419,0.322166268571605
866,1.8377281492384945,0.08091229127044888
867,1.3060683217348716,-0.45995557827447764
868,0.37455904224440106,0.8049781689443751
869,0.44140492532874953,0.8410002558586693
870,0.3188797518520897,0.9289287298412434
871,2.126729971578129,0.37798815321889645
872,1.7391218365317147,-0.019739693284516746
873,-0.48899460743534723,1.1007352756501505
874,-1.0288889511016708,0.09995517241445617
875,1.482002507843046,-0.3870047929577082
876,-0.7794720556669628,0.5859013361177915
877,1.735455064623796,-0.3608105595109906
878,-0.7840688353005333,0.7371032117495708
879,1.8419012962704233,0.05758049537024516
880,-1.113304087508849,0.07180696551171704
881,0.5940829310923212,-0.604373597513374
882,-0.22189896842938492,0.8702683509230648
883,2.00916834958818,0.3778885741589874
884,0.3513189724048027,-0.3235652835685793
885,-0.30234336871247797,0.9469292064683931
886,1.980101509862453,0.14294250834195774
887,1.2910084674093516,-0.4670420286111539
888,-0.4106791969905879,1.0358475656308364
889,0.28745759668635484,-0.5316920489214026
890,0.9417599697758264,0.17637986169753755
891,1.6574351709140946,-0.21789558970617157
892,0.08666800710737799,-0.0155233227661482
893,1.6047799048535427,-0.380049391191294
894,0.07499627950107669,0.9450372889315211
895,-0.17981209529765657,1.1042819924925305
896,1.261298978907218,-0.3664704556330367
897,-0.34851525582204274,0.8404348647331653
898,-0.14642979537550654,1.0551621916235552
899,0.9661297982072371,-0.5201740930093162
900,0.5081214515214597,0.8789743008431109
901,-0.24853993802661217,0.9940137542757136
902,0.02049225027616755,1.0149009111301195
903,0.3116356653783073,0.9002214623879341
904,0.9862708492983289,0.2678097218443265
905,1.1426189795297752,-0.5236267028511313
906,1.0011485068428065,0.6287785443829149
907,0.3134957596417395,-0.16949488423357878
908,0.7115616460762113,-0.5259460508291625
909,-0.015272716341114212,-0.004627561576160285
910,0.32963967574937636,-0.36411312683542624
911,-0.08102756280089213,0.3495304548016521
912,0.3444496525634917,0.8761629024947422
913,0.06933786158048622,1.1806832182633522
914,1.1008417236764378,-0.40377355558453903
915,1.0198537873039704,-0.5313269266531936
916,1.0453812367280944,-0.5714013021085451
917,-0.9989650744165105,0.27343322869011727
918,0.3346297438216791,0.7280588918063312
919,-0.7205274873100495,0.501366125186996
920,-1.0535264321874314,0.25965627666798097
921,0.9742325480190185,0.4823008373832782
922,0.8528049680683414,0.009635880715855284
923,-0.6527586842018795,0.920161656091333
924,0.016036455646474376,0.5200662262243436
925,1.923708895138092,0.4062756311681317
926,0.47915627865343335,-0.32054478858564844
927,0.8347039436841799,0.5087120378871834
928,1.950735392643136,0.29495580440796115
929,0.9089058032224043,0.7625730056324003
930,-0.8991304934501675,0.3174425028216019
931,0.18484257314726216,0.11651183347737858
932,0.6970563587045928,0.7268923715559946
933,-1.118604363116367,0.04663570229005207
934,-0.024405632894005297,0.2409647910409523
935,1.9177429274983124,0.44728333896074746
936,0.30645119524970005,-0.03461922136419299
937,0.16980817980806817,0.05298626643639415
938,-0.6895165409355696,0.6582709395092452
939,-0.9222441031864261,0.2872961726276972
940,0.04920842320765044,0.14667117560777326
941,-0.8718776011282373,0.544793944188974
942,1.9092788689490405,0.2594786640264379
943,0.2216584203673806,-0.3219186281449169
944,2.03479952223913,-0.06043056583628856
945,0.5795449894061478,-0.44664520105259853
946,-0.5325061156897967,0.7344480913991484
947,-0.6776484663354174,0.6197809304540524
948,0.8605411097242655,0.5686885636602848
949,1.7851800306672057,-0.256834412087497
950,-0.9515510791142028,0.6591074753264379
951,1.5955806543730935,-0.17975870784462153
952,-0.08894887070058943,1.106915032032262
953,-0.26609840051714795,1.1123430460283403
954,2.108230364590566,0.23808568672468558
955,-0.9610901492773788,0.4573325048371035
956,1.7209567926639153,-0.31991153979040926
957,-0.9342165333551843,0.19115417448119165
958,0.12912497375383974,0.16245969545958208
959,0.18799568923232382,0.017454164183063163
960,0.7953917058833104,0.9152936500575336
961,2.0386784187458007,0.1981818900690801
962,0.5085483438420538,-0.31313479910646236
963,1.172461720278445,-0.4524132434407059
964,0.2708482494427953,-0.3154844183958423
965,0.9011349692432694,-0.4997728212743419
966,0.09102145746395418,0.03568288197743892
967,1.2925679139764763,-0.2960434097564154
968,1.8774104382639516,0.3495074675333076
969,-0.8181654065816414,0.5780567976686074
970,0.030052042276723808,0.2526118555135019
971,-0.84905858776887,0.49680193782818893
972,0.6562545038424616,-0.43552334644323093
973,0.9127467221073057,0.4303256938914206
974,1.7275995232088304,-0.1731945645850403
975,0.30758186561559336,-0.03286200233102994
976,0.6593263159967884,0.6634794583819748
977,1.3535412129851243,-0.553430344280242
978,-0.8196338115519594,0.9234195838003094
979,-0.5324702283692139,1.0177174369732698
980,0.8213685704383775,0.5091145766824255
981,-0.5664099225524531,0.6793492116885208
982,0.7969806942005851,-0.14077711134219126
983,0.522413924847306,-0.12262333965816558
984,0.20438469105118784,0.9868614731051372
985,0.2733003442771602,1.0842064496784938
986,0.13175734649667178,1.0770506095005288
987,-0.2058877883939369,0.8960556410307292
988,0.371000574283413,-0.24707830272121495
989,1.7830241906281394,0.032364742680763454
990,1.799521592277116,-0.11491621047479433
991,0.395968055170937,1.0063587810089387
992,0.69241355313743,-0.45253528549816413
993,-0.2382498185788196,0.9849871356688078
994,0.624417346894164,-0.17630181971782305
995,0.09500285379407082,0.13290110692891563
996,0.5670743901632189,0.7195188430831225
997,-0.5506789715715908,0.5992292588221095
998,-0.8868940162897634,0.5525474305435883
999,0.06952300527815158,-0.16471443678540582
